Gemaakt op,Type locatie,Status,Feedback gevraagd,Kanaal,Locatie,Nummer,Type sluikstort,dichtstbijzijnde_adres,longitude,latitude,geo_punt
2023-03-01T06:39:51+01:00,Openbare weg,Afgerond - Uitgevoerd,0,Meldingsapp (sluikstortmeldingen),"{""Dichtstbijzijnde adres"": ""Krommenelleboog 77B, 9000 Gent"", ""Longitude"": 3.7142136, ""Latitude"": 51.0497403}",MLD2311052,Zakken,"Krommenelleboog 77B, 9000 Gent",3.7142136,51.0497403,"51.0497403, 3.7142136"
2023-03-01T08:13:56+01:00,Openbare weg,Afgerond - Uitgevoerd,1,Meldingsapp (sluikstortmeldingen),"{""Locatie beschrijving"": ""heilige-kerstkerk"", ""Dichtstbijzijnde adres"": ""Sleepstraat 241, 9000 Gent"", ""Longitude"": 3.7290078, ""Latitude"": 51.0638867}",MLD2311066,Andere,"Sleepstraat 241, 9000 Gent",3.7290078,51.0638867,"51.0638867, 3.7290078"
2023-03-01T08:27:29+01:00,Openbare weg,Afgerond - Uitgevoerd,0,Meldingsapp (sluikstortmeldingen),"{""Dichtstbijzijnde adres"": ""Denderlaan 51, 9000 Gent"", ""Longitude"": 3.7456045, ""Latitude"": 51.0482345}",MLD2311068,Papier en karton,"Denderlaan 51, 9000 Gent",3.7456045,51.0482345,"51.0482345, 3.7456045"
2023-03-01T08:53:15+01:00,Openbare weg,Afgerond - Uitgevoerd,0,Meldingsapp (sluikstortmeldingen),"{""Dichtstbijzijnde adres"": ""Destelbergenstraat 14, 9040 Gent"", ""Longitude"": 3.7535649, ""Latitude"": 51.050137}",MLD2311078,Papier en karton,"Destelbergenstraat 14, 9040 Gent",3.7535649,51.050137,"51.050137, 3.7535649"
2023-03-01T08:56:17+01:00,Openbare weg,Afgerond - Uitgevoerd,0,Meldingsapp (sluikstortmeldingen),"{""Dichtstbijzijnde adres"": ""Geuzenberg 51, 9000 Gent"", ""Longitude"": 3.7244476341, ""Latitude"": 51.0656120939}",MLD2311081,Zakken,"Geuzenberg 51, 9000 Gent",3.7244476341,51.0656120939,"51.0656120939, 3.7244476341"
2023-03-01T09:27:37+01:00,Openbare weg,Afgerond - Uitgevoerd,1,Webformulier (sluikstortmeldingen),"{""Locatie beschrijving"": ""6 autobanden"", ""Dichtstbijzijnde adres"": ""Petrus Jozef Triesthof 3, 9050 Gent"", ""Longitude"": 3.7726848184, ""Latitude"": 51.0300478178}",MLD2311101,Andere,"Petrus Jozef Triesthof 3, 9050 Gent",3.7726848184,51.0300478178,"51.0300478178, 3.7726848184"
2023-03-01T09:50:28+01:00,Openbare weg,Afgerond - Uitgevoerd,0,Meldingsapp (sluikstortmeldingen),"{""Dichtstbijzijnde adres"": ""Engelstraat 33, 9040 Gent"", ""Longitude"": 3.7511053, ""Latitude"": 51.0558593}",MLD2311109,Zakken,"Engelstraat 33, 9040 Gent",3.7511053,51.0558593,"51.0558593, 3.7511053"
2023-03-01T10:00:50+01:00,Openbare weg,Afgerond - Uitgevoerd,0,DROSO,"{""Locatie beschrijving"": ""Achter frituur Tolpoort aan ingang weide"", ""Dichtstbijzijnde adres"": ""Lambert Queteletstraat 43, 9000 Gent"", ""Longitude"": 3.7266797264, ""Latitude"": 51.0667593793}",MLD2311120,,"Lambert Queteletstraat 43, 9000 Gent",3.7266797264,51.0667593793,"51.0667593793, 3.7266797264"
2023-03-01T10:02:08+01:00,Openbare weg,Afgerond - Uitgevoerd,0,DROSO,"{""Locatie beschrijving"": ""Hoek erasmusstraat"", ""Dichtstbijzijnde adres"": ""Desiderius Erasmusstraat 21, 9000 Gent"", ""Longitude"": 3.7261482525, ""Latitude"": 51.0662112884}",MLD2311130,,"Desiderius Erasmusstraat 21, 9000 Gent",3.7261482525,51.0662112884,"51.0662112884, 3.7261482525"
2023-03-01T10:02:18+01:00,Openbare weg,Afgerond - In behandeling,0,DROSO,"{""Locatie beschrijving"": ""Kartuizerlaan 135"", ""Dichtstbijzijnde adres"": ""Kartuizerlaan 133, 9000 Gent"", ""Longitude"": 3.7273701136, ""Latitude"": 51.0631427196}",MLD2311131,,"Kartuizerlaan 133, 9000 Gent",3.7273701136,51.0631427196,"51.0631427196, 3.7273701136"
2023-03-01T10:10:59+01:00,Openbare weg,Afgerond - Uitgevoerd,0,Meldingsapp (sluikstortmeldingen),"{""Dichtstbijzijnde adres"": ""Heilig-Hartstraat 42, 9040 Gent"", ""Longitude"": 3.7465102, ""Latitude"": 51.0535998}",MLD2311139,Zakken,"Heilig-Hartstraat 42, 9040 Gent",3.7465102,51.0535998,"51.0535998, 3.7465102"
2023-03-01T10:18:28+01:00,Openbare weg,Afgerond - Uitgevoerd,0,Meldingsapp (sluikstortmeldingen),"{""Dichtstbijzijnde adres"": ""Heilig-Hartstraat 42, 9040 Gent"", ""Longitude"": 3.7465324, ""Latitude"": 51.0535626}",MLD2311143,Zakken,"Heilig-Hartstraat 42, 9040 Gent",3.7465324,51.0535626,"51.0535626, 3.7465324"
2023-03-01T10:24:28+01:00,Openbare weg,Afgerond - Uitgevoerd,0,Meldingsapp (sluikstortmeldingen),"{""Dichtstbijzijnde adres"": ""Evarist De Buckstraat 37, 9040 Gent"", ""Longitude"": 3.7460364, ""Latitude"": 51.0537009}",MLD2311145,Zakken,"Evarist De Buckstraat 37, 9040 Gent",3.7460364,51.0537009,"51.0537009, 3.7460364"
2023-03-01T10:25:41+01:00,Openbare weg,Afgerond - Uitgevoerd,0,Meldingsapp (sluikstortmeldingen),"{""Dichtstbijzijnde adres"": ""Dendermondsesteenweg 186, 9000 Gent"", ""Longitude"": 3.7453824, ""Latitude"": 51.0532468}",MLD2311147,Zakken,"Dendermondsesteenweg 186, 9000 Gent",3.7453824,51.0532468,"51.0532468, 3.7453824"
2023-03-01T10:35:51+01:00,Openbare weg,Afgerond - Uitgevoerd,0,Meldingsapp (sluikstortmeldingen),"{""Dichtstbijzijnde adres"": ""Dendermondsesteenweg 139, 9000 Gent"", ""Longitude"": 3.7435431, ""Latitude"": 51.0539159}",MLD2311152,Zakken,"Dendermondsesteenweg 139, 9000 Gent",3.7435431,51.0539159,"51.0539159, 3.7435431"
2023-03-01T10:38:17+01:00,Openbare weg,Afgerond - Uitgevoerd,0,Meldingsapp (sluikstortmeldingen),"{""Dichtstbijzijnde adres"": ""Dendermondsesteenweg 173, 9000 Gent"", ""Longitude"": 3.7447795, ""Latitude"": 51.0533669}",MLD2311154,Zakken,"Dendermondsesteenweg 173, 9000 Gent",3.7447795,51.0533669,"51.0533669, 3.7447795"
2023-03-01T10:46:30+01:00,Openbare weg,Afgerond - Uitgevoerd,0,Meldingsapp (sluikstortmeldingen),"{""Dichtstbijzijnde adres"": ""Dendermondsesteenweg 111, 9000 Gent"", ""Longitude"": 3.7431065, ""Latitude"": 51.0548927}",MLD2311158,Zakken,"Dendermondsesteenweg 111, 9000 Gent",3.7431065,51.0548927,"51.0548927, 3.7431065"
2023-03-01T10:48:55+01:00,Openbare weg,Afgerond - Uitgevoerd,0,Meldingsapp (sluikstortmeldingen),"{""Dichtstbijzijnde adres"": ""Dendermondsesteenweg 74, 9000 Gent"", ""Longitude"": 3.7427515, ""Latitude"": 51.0552103}",MLD2311159,Zakken,"Dendermondsesteenweg 74, 9000 Gent",3.7427515,51.0552103,"51.0552103, 3.7427515"
2023-03-01T10:54:40+01:00,Openbare weg,Afgerond - Uitgevoerd,0,Meldingsapp (sluikstortmeldingen),"{""Dichtstbijzijnde adres"": ""Wespstraat 9, 9000 Gent"", ""Longitude"": 3.7448873, ""Latitude"": 51.0562912}",MLD2311162,Zakken,"Wespstraat 9, 9000 Gent",3.7448873,51.0562912,"51.0562912, 3.7448873"
2023-03-01T10:56:20+01:00,Openbare weg,Afgerond - Uitgevoerd,1,Meldingsapp (sluikstortmeldingen),"{""Locatie beschrijving"": ""aan ondergrondse sorteerpunt textielstraat "", ""Dichtstbijzijnde adres"": ""Virginiastraat 63, 9000 Gent"", ""Longitude"": 3.6920603412, ""Latitude"": 51.0668750169}",MLD2311163,Zakken,"Virginiastraat 63, 9000 Gent",3.6920603412,51.0668750169,"51.0668750169, 3.6920603412"
2023-03-01T11:00:11+01:00,Openbare weg,Afgerond - Uitgevoerd,0,DROSO,"{""Locatie beschrijving"": ""Tegenover nr.26"", ""Dichtstbijzijnde adres"": ""Molenstraat 26, 9032 Gent"", ""Longitude"": 3.7183126482, ""Latitude"": 51.0877640215}",MLD2311166,,"Molenstraat 26, 9032 Gent",3.7183126482,51.0877640215,"51.0877640215, 3.7183126482"
2023-03-01T11:57:45+01:00,Openbare weg,Afgerond - Uitgevoerd,1,Meldingsapp (sluikstortmeldingen),"{""Locatie beschrijving"": ""aan verkeersbord "", ""Dichtstbijzijnde adres"": ""Zingemkouterstraat 81, 9040 Gent"", ""Longitude"": 3.7626125, ""Latitude"": 51.07512}",MLD2311195,Zakken,"Zingemkouterstraat 81, 9040 Gent",3.7626125,51.07512,"51.07512, 3.7626125"
2023-03-01T13:44:03+01:00,Rond afvalkorf/BBQ plaats,Afgerond - In behandeling,1,Webformulier (sluikstortmeldingen),"{""Locatie beschrijving"": ""GENTINFO\r\nSorteerpunten van IVAGO."", ""Dichtstbijzijnde adres"": ""Meierij 89, 9050 Gent"", ""Longitude"": 3.7379281279, ""Latitude"": 51.0316454828}",MLD2311209,Zakken,"Meierij 89, 9050 Gent",3.7379281279,51.0316454828,"51.0316454828, 3.7379281279"
2023-03-01T13:46:39+01:00,Rond afvalkorf/BBQ plaats,Afgerond - In behandeling,1,Meldingsapp (sluikstortmeldingen),"{""Locatie beschrijving"": ""hoek wondelgemstraat "", ""Dichtstbijzijnde adres"": ""Maria-Theresiastraat, Gent"", ""Longitude"": 3.709109271, ""Latitude"": 51.0627622678}",MLD2311210,Zakken,"Maria-Theresiastraat, Gent",3.709109271,51.0627622678,"51.0627622678, 3.709109271"
2023-03-01T14:07:51+01:00,Openbare weg,Afgerond - Uitgevoerd,1,Webformulier (sluikstortmeldingen),"{""Dichtstbijzijnde adres"": ""Kortedagsteeg 6A, 9000 Gent"", ""Longitude"": 3.7263150247, ""Latitude"": 51.0503349652}",MLD2311214,Zakken,"Kortedagsteeg 6A, 9000 Gent",3.7263150247,51.0503349652,"51.0503349652, 3.7263150247"
2023-03-01T14:39:22+01:00,Berm,Uitvoering - In behandeling,1,Webformulier (sluikstortmeldingen),"{""Locatie beschrijving"": ""Nokerstraat linker en rechterberm"", ""Dichtstbijzijnde adres"": ""Skaldenstraat 142, 9042 Gent"", ""Longitude"": 3.8002827188, ""Latitude"": 51.1122372269}",MLD2311217,Andere,"Skaldenstraat 142, 9042 Gent",3.8002827188,51.1122372269,"51.1122372269, 3.8002827188"
2023-04-19T17:01:53+02:00,Openbare weg,Afgerond - Uitgevoerd,0,Meldingsapp (sluikstortmeldingen),"{""Dichtstbijzijnde adres"": ""Kunstenaarstraat 119, 9040 Gent"", ""Longitude"": 3.7446048, ""Latitude"": 51.0500562}",MLD2319431,Zakken,"Kunstenaarstraat 119, 9040 Gent",3.7446048,51.0500562,"51.0500562, 3.7446048"
2023-04-19T17:55:51+02:00,Openbare weg,Afgerond - Uitgevoerd,1,Meldingsapp (sluikstortmeldingen),"{""Dichtstbijzijnde adres"": ""Heilig-Hartplein 12, 9040 Gent"", ""Longitude"": 3.7489321, ""Latitude"": 51.0539623}",MLD2319446,Papier en karton;Zakken,"Heilig-Hartplein 12, 9040 Gent",3.7489321,51.0539623,"51.0539623, 3.7489321"
2023-04-20T06:49:48+02:00,Openbare weg,Afgerond - Uitgevoerd,1,Meldingsapp (sluikstortmeldingen),"{""Locatie beschrijving"": ""aan de deur op een pmd zak, de dader is gefilmd door de camera’s van parking reep!!! "", ""Dichtstbijzijnde adres"": ""Seminariestraat 6, 9000 Gent"", ""Longitude"": 3.7313112713, ""Latitude"": 51.0514435304}",MLD2319475,Zakken,"Seminariestraat 6, 9000 Gent",3.7313112713,51.0514435304,"51.0514435304, 3.7313112713"
2023-04-20T07:24:28+02:00,Openbare weg,Afgerond - Stopgezet,0,Meldingsapp (sluikstortmeldingen),"{""Dichtstbijzijnde adres"": ""Welvaartstraat 34, 9000 Gent"", ""Longitude"": 3.6989228, ""Latitude"": 51.0677853}",MLD2319478,Andere;Zakken,"Welvaartstraat 34, 9000 Gent",3.6989228,51.0677853,"51.0677853, 3.6989228"
2023-04-20T07:49:07+02:00,Openbare weg,Afgerond - Uitgevoerd,0,Meldingsapp (sluikstortmeldingen),"{""Dichtstbijzijnde adres"": ""Sleepstraat 182A, 9000 Gent"", ""Longitude"": 3.7284561, ""Latitude"": 51.0630874}",MLD2319480,Zakken,"Sleepstraat 182A, 9000 Gent",3.7284561,51.0630874,"51.0630874, 3.7284561"
2023-04-20T09:12:30+02:00,Openbare weg,Afgerond - Uitgevoerd,0,Meldingsapp (sluikstortmeldingen),"{""Locatie beschrijving"": ""maisstraat 221"", ""Dichtstbijzijnde adres"": ""Maïsstraat 229, 9000 Gent"", ""Longitude"": 3.71410364, ""Latitude"": 51.0735309312}",MLD2319508,Andere;Meubilair;Zakken,"Maïsstraat 229, 9000 Gent",3.71410364,51.0735309312,"51.0735309312, 3.71410364"
2023-04-20T09:46:28+02:00,Openbare weg,Afgerond - Uitgevoerd,0,Meldingsapp (sluikstortmeldingen),"{""Dichtstbijzijnde adres"": ""Jozef Van Crombrugghestraat 52, 9000 Gent"", ""Longitude"": 3.7251023, ""Latitude"": 51.0660637}",MLD2319522,Zakken,"Jozef Van Crombrugghestraat 52, 9000 Gent",3.7251023,51.0660637,"51.0660637, 3.7251023"
2023-04-20T10:10:43+02:00,Openbare weg,Afgerond - Uitgevoerd,0,Meldingsapp (sluikstortmeldingen),"{""Locatie beschrijving"": ""maisstraat 221"", ""Dichtstbijzijnde adres"": ""Maïsstraat 227, 9000 Gent"", ""Longitude"": 3.7141216131, ""Latitude"": 51.073514064}",MLD2319530,Andere;Meubilair;Zakken,"Maïsstraat 227, 9000 Gent",3.7141216131,51.073514064,"51.073514064, 3.7141216131"
2023-04-20T10:43:41+02:00,Openbare weg,Behandeling - In behandeling,0,Meldingsapp (sluikstortmeldingen),"{""Dichtstbijzijnde adres"": ""Gillis Coppinsstraat 8, 9000 Gent"", ""Longitude"": 3.7269496583, ""Latitude"": 51.0623709845}",MLD2319542,Winkelkar,"Gillis Coppinsstraat 8, 9000 Gent",3.7269496583,51.0623709845,"51.0623709845, 3.7269496583"
2023-04-20T10:53:40+02:00,Park of groenzone,Afgerond - Uitgevoerd,0,Meldingsapp (sluikstortmeldingen),"{""Dichtstbijzijnde adres"": ""Kartuizerlaan 123, 9000 Gent"", ""Longitude"": 3.7270803872, ""Latitude"": 51.0629865164}",MLD2319547,Zakken,"Kartuizerlaan 123, 9000 Gent",3.7270803872,51.0629865164,"51.0629865164, 3.7270803872"
2023-04-20T10:54:44+02:00,Openbare weg,Afgerond - Uitgevoerd,0,Meldingsapp (sluikstortmeldingen),"{""Dichtstbijzijnde adres"": ""Tolhuislaan 111, 9000 Gent"", ""Longitude"": 3.7261885, ""Latitude"": 51.0642678}",MLD2319548,Zakken,"Tolhuislaan 111, 9000 Gent",3.7261885,51.0642678,"51.0642678, 3.7261885"
2023-04-20T10:54:46+02:00,Park of groenzone,Afgerond - Uitgevoerd,0,Meldingsapp (sluikstortmeldingen),"{""Dichtstbijzijnde adres"": ""Meerhem 35, 9000 Gent"", ""Longitude"": 3.7280356105, ""Latitude"": 51.0633142828}",MLD2319549,Andere,"Meerhem 35, 9000 Gent",3.7280356105,51.0633142828,"51.0633142828, 3.7280356105"
2023-04-20T22:21:54+02:00,Openbare weg,Afgerond - Uitgevoerd,1,Meldingsapp (sluikstortmeldingen),"{""Dichtstbijzijnde adres"": ""Jean Béthunestraat 43, 9040 Gent"", ""Longitude"": 3.747857786, ""Latitude"": 51.0536552484}",MLD2319630,Zakken,"Jean Béthunestraat 43, 9040 Gent",3.747857786,51.0536552484,"51.0536552484, 3.747857786"
2023-04-21T08:24:02+02:00,Openbare weg,Afgerond - Uitgevoerd,1,Meldingsapp (sluikstortmeldingen),"{""Locatie beschrijving"": ""neerscheldestraat rechtover nr 29"", ""Dichtstbijzijnde adres"": ""Neerscheldestraat 29, 9050 Gent"", ""Longitude"": 3.743679645, ""Latitude"": 51.0428299611}",MLD2319642,Zakken,"Neerscheldestraat 29, 9050 Gent",3.743679645,51.0428299611,"51.0428299611, 3.743679645"
2023-04-21T08:47:31+02:00,Park of groenzone,Afgerond - Uitgevoerd,1,Meldingsapp (sluikstortmeldingen),"{""Locatie beschrijving"": ""in wijkpark De Porre aan de autoparkeerplaatsen voor autodelen "", ""Dichtstbijzijnde adres"": ""Jules de Saint-Genoisstraat 103, 9050 Gent"", ""Longitude"": 3.7570167777, ""Latitude"": 51.0281814992}",MLD2319645,Andere,"Jules de Saint-Genoisstraat 103, 9050 Gent",3.7570167777,51.0281814992,"51.0281814992, 3.7570167777"
2023-04-21T08:56:55+02:00,Openbare weg,Afgerond - Uitgevoerd,1,Meldingsapp (sluikstortmeldingen),"{""Locatie beschrijving"": ""In de hogepontstraat aan app 49 "", ""Dichtstbijzijnde adres"": ""Hogepontstraat 47, 9050 Gent"", ""Longitude"": 3.7444374977, ""Latitude"": 51.0443659076}",MLD2319649,Zakken,"Hogepontstraat 47, 9050 Gent",3.7444374977,51.0443659076,"51.0443659076, 3.7444374977"
2023-04-21T09:42:46+02:00,Openbare weg,Afgerond - Uitgevoerd,1,Meldingsapp (sluikstortmeldingen),"{""Dichtstbijzijnde adres"": ""Nieuwpoort 26, 9000 Gent"", ""Longitude"": 3.729750049, ""Latitude"": 51.0560730948}",MLD2319657,Papier en karton;Zakken,"Nieuwpoort 26, 9000 Gent",3.729750049,51.0560730948,"51.0560730948, 3.729750049"
2023-04-21T09:59:16+02:00,Openbare weg,Afgerond - Uitgevoerd,0,Webformulier (sluikstortmeldingen),"{""Locatie beschrijving"": ""Er is een dode duif thv Jakob Jordaenstraat, kunnen jullie dit naar de juiste dienst doorverwijzen? "", ""Dichtstbijzijnde adres"": ""Jakob Jordaensstraat 6, 9000 Gent"", ""Longitude"": 3.722243563, ""Latitude"": 51.0425095951}",MLD2319665,Dode dieren,"Jakob Jordaensstraat 6, 9000 Gent",3.722243563,51.0425095951,"51.0425095951, 3.722243563"
2023-04-21T10:01:00+02:00,Openbare weg,Afgerond - Uitgevoerd,1,Meldingsapp (sluikstortmeldingen),"{""Dichtstbijzijnde adres"": ""Kunstenaarstraat 38, 9040 Gent"", ""Longitude"": 3.7470873, ""Latitude"": 51.0519451}",MLD2319667,Zakken,"Kunstenaarstraat 38, 9040 Gent",3.7470873,51.0519451,"51.0519451, 3.7470873"
2023-04-21T10:33:22+02:00,Openbare weg,Afgerond - Dubbel,0,Meldingsapp (sluikstortmeldingen),"{""Dichtstbijzijnde adres"": ""Tolhuislaan 13, 9000 Gent"", ""Longitude"": 3.7248733198, ""Latitude"": 51.062576836}",MLD2319672,Zakken,"Tolhuislaan 13, 9000 Gent",3.7248733198,51.062576836,"51.062576836, 3.7248733198"
2023-04-21T11:31:34+02:00,Park of groenzone,Afgerond - Uitgevoerd,1,Meldingsapp (sluikstortmeldingen),"{""Locatie beschrijving"": ""waterkant "", ""Dichtstbijzijnde adres"": ""Groendreef 71, 9000 Gent"", ""Longitude"": 3.701772425, ""Latitude"": 51.0631108736}",MLD2319680,Meubilair,"Groendreef 71, 9000 Gent",3.701772425,51.0631108736,"51.0631108736, 3.701772425"
2023-04-21T11:39:55+02:00,Openbare weg,Afgerond - Uitgevoerd,0,Webformulier (sluikstortmeldingen),"{""Locatie beschrijving"": ""PERSOONSGEGEVENS\r\nNaam : Dierickx\r\nVoornaam : Margaret \r\n\r\nOMSCHRIJVING\r\nkomt van pagina site: https://stad.gent/nl/contact-meldpunten/meldpunten/zwerfvuil-sluikstort\r\n\tZwerfvuil vandaag Kortrijkseste"", ""Dichtstbijzijnde adres"": ""Kortrijksesteenweg 553, 9000 Gent"", ""Longitude"": 3.716518258, ""Latitude"": 51.0357119749}",MLD2319681,Zakken,"Kortrijksesteenweg 553, 9000 Gent",3.716518258,51.0357119749,"51.0357119749, 3.716518258"
2023-04-21T11:41:14+02:00,Openbare weg,Afgerond - Uitgevoerd,1,Meldingsapp (sluikstortmeldingen),"{""Dichtstbijzijnde adres"": ""Emile Moysonlaan 66, 9000 Gent"", ""Longitude"": 3.7475022, ""Latitude"": 51.0483825}",MLD2319685,Zakken,"Emile Moysonlaan 66, 9000 Gent",3.7475022,51.0483825,"51.0483825, 3.7475022"
2023-04-21T11:51:56+02:00,Openbare weg,Afgerond - Uitgevoerd,0,Meldingsapp (sluikstortmeldingen),"{""Dichtstbijzijnde adres"": ""Meulesteedsesteenweg 427, 9000 Gent"", ""Longitude"": 3.7280672, ""Latitude"": 51.0825206}",MLD2319689,Zakken,"Meulesteedsesteenweg 427, 9000 Gent",3.7280672,51.0825206,"51.0825206, 3.7280672"
2023-04-21T12:38:16+02:00,Openbare weg,Afgerond - Uitgevoerd,0,Meldingsapp (sluikstortmeldingen),"{""Locatie beschrijving"": ""Parkingang aan Gasmeterlaan 181"", ""Dichtstbijzijnde adres"": ""Gasmeterlaan 181, 9000 Gent"", ""Longitude"": 3.721718, ""Latitude"": 51.0671773}",MLD2319694,Zakken,"Gasmeterlaan 181, 9000 Gent",3.721718,51.0671773,"51.0671773, 3.721718"
2023-04-21T13:18:36+02:00,Berm,Afgerond - Uitgevoerd,1,Meldingsapp (sluikstortmeldingen),"{""Dichtstbijzijnde adres"": ""Koningin Fabiolalaan 140, 9000 Gent"", ""Longitude"": 3.6952898648, ""Latitude"": 51.0410592143}",MLD2319697,Zakken,"Koningin Fabiolalaan 140, 9000 Gent",3.6952898648,51.0410592143,"51.0410592143, 3.6952898648"
2023-04-21T13:32:25+02:00,Gracht of rivier,Afgerond - Stopgezet,1,Webformulier (sluikstortmeldingen),"{""Locatie beschrijving"": ""Aan achterkant van garage liggen een stuk of 40 zwarte vuilzakken..ook.een reuze doos rottend vlees..kan geen fotos sturen want lukt niet op jullie site..vlees stinkt..tis naast de rivier. Vanachter"", ""Dichtstbijzijnde adres"": ""Alphonse de Hollainhof, Gent"", ""Longitude"": 3.7376497565, ""Latitude"": 51.0439977315}",MLD2319698,Andere;Zakken,"Alphonse de Hollainhof, Gent",3.7376497565,51.0439977315,"51.0439977315, 3.7376497565"
2023-04-21T13:32:49+02:00,Openbare weg,Afgerond - Uitgevoerd,1,Meldingsapp (sluikstortmeldingen),"{""Dichtstbijzijnde adres"": ""Emile Moysonlaan 66, 9000 Gent"", ""Longitude"": 3.7474875, ""Latitude"": 51.0483921}",MLD2319699,Zakken,"Emile Moysonlaan 66, 9000 Gent",3.7474875,51.0483921,"51.0483921, 3.7474875"
2023-04-21T15:10:33+02:00,Openbare weg,Afgerond - Uitgevoerd,0,Meldingsapp (sluikstortmeldingen),"{""Dichtstbijzijnde adres"": ""Hilarius Bertolfstraat 25, 9050 Gent"", ""Longitude"": 3.7461241, ""Latitude"": 51.0369405}",MLD2319708,Zakken,"Hilarius Bertolfstraat 25, 9050 Gent",3.7461241,51.0369405,"51.0369405, 3.7461241"
2023-04-21T15:18:53+02:00,Openbare weg,Afgerond - Uitgevoerd,0,Meldingsapp (sluikstortmeldingen),"{""Dichtstbijzijnde adres"": ""Centrumplein 50, 9050 Gent"", ""Longitude"": 3.740591, ""Latitude"": 51.035821}",MLD2319712,Zakken,"Centrumplein 50, 9050 Gent",3.740591,51.035821,"51.035821, 3.740591"
2023-04-21T16:33:32+02:00,Openbare weg,Afgerond - Uitgevoerd,0,Meldingsapp (sluikstortmeldingen),"{""Dichtstbijzijnde adres"": ""Dendermondsesteenweg 201, 9040 Gent"", ""Longitude"": 3.7455173, ""Latitude"": 51.0532034}",MLD2319735,Zakken,"Dendermondsesteenweg 201, 9040 Gent",3.7455173,51.0532034,"51.0532034, 3.7455173"
2023-04-21T19:32:45+02:00,Park of groenzone,Afgerond - Uitgevoerd,0,Webformulier (sluikstortmeldingen),"{""Locatie beschrijving"": ""Het gaat om een dode eend. Ze ligt op het grasveld tussen het wandelbrugje en de beweegtuin "", ""Dichtstbijzijnde adres"": ""Walstraat 1, 9050 Gent"", ""Longitude"": 3.749344385, ""Latitude"": 51.0346259981}",MLD2319769,Dode dieren,"Walstraat 1, 9050 Gent",3.749344385,51.0346259981,"51.0346259981, 3.749344385"
2023-04-22T08:29:58+02:00,Openbare weg,Afgerond - Uitgevoerd,1,Meldingsapp (sluikstortmeldingen),"{""Dichtstbijzijnde adres"": ""Land van Waaslaan 69, 9000 Gent"", ""Longitude"": 3.7438108529, ""Latitude"": 51.0578720347}",MLD2319774,Bouwafval,"Land van Waaslaan 69, 9000 Gent",3.7438108529,51.0578720347,"51.0578720347, 3.7438108529"
2023-04-22T08:30:28+02:00,Park of groenzone,Afgerond - Uitgevoerd,1,Meldingsapp (sluikstortmeldingen),"{""Dichtstbijzijnde adres"": ""Land van Waaslaan 47, 9000 Gent"", ""Longitude"": 3.7431027401, ""Latitude"": 51.0575936495}",MLD2319775,Zakken,"Land van Waaslaan 47, 9000 Gent",3.7431027401,51.0575936495,"51.0575936495, 3.7431027401"
2023-04-22T08:36:08+02:00,Parking of garageboxen,Afgerond - Uitgevoerd,0,Meldingsapp (sluikstortmeldingen),"{""Locatie beschrijving"": ""op de parking tussen de bomen"", ""Dichtstbijzijnde adres"": ""Phoenixstraat 109, 9000 Gent"", ""Longitude"": 3.7043313938, ""Latitude"": 51.0585207233}",MLD2319777,Zakken,"Phoenixstraat 109, 9000 Gent",3.7043313938,51.0585207233,"51.0585207233, 3.7043313938"
2023-04-22T09:51:08+02:00,Gracht of rivier,Afgerond - Uitgevoerd,1,Meldingsapp (sluikstortmeldingen),"{""Locatie beschrijving"": ""fransevaart naast werf project keizerpoort"", ""Dichtstbijzijnde adres"": ""Brusselsesteenweg 6, 9050 Gent"", ""Longitude"": 3.7404164671, ""Latitude"": 51.0413011346}",MLD2319780,Bouwafval,"Brusselsesteenweg 6, 9050 Gent",3.7404164671,51.0413011346,"51.0413011346, 3.7404164671"
2023-04-22T10:55:18+02:00,Openbare weg,Afgerond - Uitgevoerd,1,Meldingsapp (sluikstortmeldingen),"{""Locatie beschrijving"": ""tegenover huisnummer 1 en 3 \ndestelbergenstraat "", ""Dichtstbijzijnde adres"": ""Destelbergenstraat 14, 9040 Gent"", ""Longitude"": 3.7536282932, ""Latitude"": 51.0500492444}",MLD2319785,Meubilair;Zakken,"Destelbergenstraat 14, 9040 Gent",3.7536282932,51.0500492444,"51.0500492444, 3.7536282932"
2023-04-22T11:01:11+02:00,Park of groenzone,Afgerond - Uitgevoerd,1,Webformulier (sluikstortmeldingen),"{""Locatie beschrijving"": ""achteraan bij de speeltuigen , tribune de porre"", ""Dichtstbijzijnde adres"": ""Jules de Saint-Genoisstraat 101, 9050 Gent"", ""Longitude"": 3.7584068343, ""Latitude"": 51.02798927}",MLD2319789,Andere;Zakken,"Jules de Saint-Genoisstraat 101, 9050 Gent",3.7584068343,51.02798927,"51.02798927, 3.7584068343"
2023-04-22T14:49:58+02:00,Berm,Afgerond - Uitgevoerd,1,Meldingsapp (sluikstortmeldingen),"{""Locatie beschrijving"": ""tussen de Schelde en de Jozef Schellstraat "", ""Dichtstbijzijnde adres"": ""Cecile Vereeckenstraat 2C, 9052 Gent"", ""Longitude"": 3.7348283656, ""Latitude"": 51.0094545078}",MLD2319812,Meubilair,"Cecile Vereeckenstraat 2C, 9052 Gent",3.7348283656,51.0094545078,"51.0094545078, 3.7348283656"
2023-04-22T16:38:25+02:00,Park of groenzone,Afgerond - Stopgezet,1,Meldingsapp (sluikstortmeldingen),"{""Locatie beschrijving"": ""straat grote wede, achter parkeerplaats voor gehandicapten"", ""Dichtstbijzijnde adres"": ""Grote Wede 10, 9040 Gent"", ""Longitude"": 3.7532768, ""Latitude"": 51.0481432}",MLD2319829,Zakken,"Grote Wede 10, 9040 Gent",3.7532768,51.0481432,"51.0481432, 3.7532768"
2023-04-22T16:52:31+02:00,Openbare weg,Afgerond - Uitgevoerd,1,Meldingsapp (sluikstortmeldingen),"{""Locatie beschrijving"": ""muur wasserij "", ""Dichtstbijzijnde adres"": ""Kunstenaarstraat 32, 9040 Gent"", ""Longitude"": 3.7471669471, ""Latitude"": 51.0520610508}",MLD2319832,Andere;Slachtafval,"Kunstenaarstraat 32, 9040 Gent",3.7471669471,51.0520610508,"51.0520610508, 3.7471669471"
2023-04-22T17:50:21+02:00,Openbare weg,Afgerond - Uitgevoerd,0,Meldingsapp (sluikstortmeldingen),"{""Dichtstbijzijnde adres"": ""Walstraat 126, 9050 Gent"", ""Longitude"": 3.7478426117, ""Latitude"": 51.031770396}",MLD2319839,Papier en karton;Zakken,"Walstraat 126, 9050 Gent",3.7478426117,51.031770396,"51.031770396, 3.7478426117"
2023-04-22T18:16:24+02:00,Parking of garageboxen,Afgerond - Uitgevoerd,1,Meldingsapp (sluikstortmeldingen),"{""Dichtstbijzijnde adres"": ""Auguste Van Ooststraat 57, 9050 Gent"", ""Longitude"": 3.7459669076, ""Latitude"": 51.0449383781}",MLD2319841,Zakken,"Auguste Van Ooststraat 57, 9050 Gent",3.7459669076,51.0449383781,"51.0449383781, 3.7459669076"
2023-04-22T18:18:37+02:00,Openbare weg,Afgerond - Uitgevoerd,0,Meldingsapp (sluikstortmeldingen),"{""Dichtstbijzijnde adres"": ""Brusselsesteenweg 1, 9050 Gent"", ""Longitude"": 3.7411536, ""Latitude"": 51.0416336}",MLD2319842,Zakken,"Brusselsesteenweg 1, 9050 Gent",3.7411536,51.0416336,"51.0416336, 3.7411536"
2023-04-23T07:35:41+02:00,Berm,Afgerond - Dubbel,1,Meldingsapp (sluikstortmeldingen),"{""Locatie beschrijving"": ""achter de woningen aan het water"", ""Dichtstbijzijnde adres"": ""Alphonse de Hollainhof 38, 9000 Gent"", ""Longitude"": 3.7378808217, ""Latitude"": 51.0442879552}",MLD2319855,Zakken,"Alphonse de Hollainhof 38, 9000 Gent",3.7378808217,51.0442879552,"51.0442879552, 3.7378808217"
2023-04-23T10:19:31+02:00,Openbare weg,Afgerond - Uitgevoerd,0,Meldingsapp (sluikstortmeldingen),"{""Dichtstbijzijnde adres"": ""Hogepontstraat 61, 9050 Gent"", ""Longitude"": 3.7443914596, ""Latitude"": 51.0444723917}",MLD2319868,Zakken,"Hogepontstraat 61, 9050 Gent",3.7443914596,51.0444723917,"51.0444723917, 3.7443914596"
2023-04-23T10:32:11+02:00,Openbare weg,Afgerond - Uitgevoerd,1,Meldingsapp (sluikstortmeldingen),"{""Locatie beschrijving"": ""fietsrek ter hoogte van nr 38\n"", ""Dichtstbijzijnde adres"": ""Dahliastraat 40, 9000 Gent"", ""Longitude"": 3.7070513248, ""Latitude"": 51.070251771}",MLD2319876,Zakken,"Dahliastraat 40, 9000 Gent",3.7070513248,51.070251771,"51.070251771, 3.7070513248"
2023-04-23T10:54:26+02:00,Openbare weg,Afgerond - Uitgevoerd,1,Meldingsapp (sluikstortmeldingen),"{""Locatie beschrijving"": ""hoek Magnoliastraat en lorkenstraat"", ""Dichtstbijzijnde adres"": ""Nieuwevaart 216, 9000 Gent"", ""Longitude"": 3.7081428672, ""Latitude"": 51.0658199938}",MLD2319887,Meubilair,"Nieuwevaart 216, 9000 Gent",3.7081428672,51.0658199938,"51.0658199938, 3.7081428672"
2023-04-23T15:45:12+02:00,Berm,Afgerond - Uitgevoerd,1,Meldingsapp (sluikstortmeldingen),"{""Locatie beschrijving"": ""coupure rechts 102"", ""Dichtstbijzijnde adres"": ""Coupure 241, 9000 Gent"", ""Longitude"": 3.7148832058, ""Latitude"": 51.0472294307}",MLD2319933,Zakken,"Coupure 241, 9000 Gent",3.7148832058,51.0472294307,"51.0472294307, 3.7148832058"
2023-04-23T18:15:57+02:00,Openbare weg,Afgerond - Stopgezet,1,Meldingsapp (sluikstortmeldingen),"{""Dichtstbijzijnde adres"": ""Scandinaviëstraat, Gent"", ""Longitude"": 3.7398731074, ""Latitude"": 51.0699880906}",MLD2319943,Bouwafval;Elektrische toestellen;Meubilair;Papier en karton;Zakken,"Scandinaviëstraat, Gent",3.7398731074,51.0699880906,"51.0699880906, 3.7398731074"
2023-04-23T19:42:11+02:00,Rond afvalkorf/BBQ plaats,Afgerond - Uitgevoerd,1,Webformulier (sluikstortmeldingen),"{""Locatie beschrijving"": ""Rond de inwerpcontainers: karton"", ""Dichtstbijzijnde adres"": ""Voorhavenlaan 14A, 9000 Gent"", ""Longitude"": 3.7286718335, ""Latitude"": 51.077726618}",MLD2319949,Papier en karton,"Voorhavenlaan 14A, 9000 Gent",3.7286718335,51.077726618,"51.077726618, 3.7286718335"
2023-04-23T19:42:37+02:00,Openbare weg,Afgerond - Uitgevoerd,1,Meldingsapp (sluikstortmeldingen),"{""Locatie beschrijving"": ""Ingegeven huisnummer: 36?\r\nzwarte zak\r\n"", ""Dichtstbijzijnde adres"": ""Doorgangstraat 36, 9050 Gent"", ""Longitude"": 3.743091769, ""Latitude"": 51.0341659203}",MLD2319950,Zakken,"Doorgangstraat 36, 9050 Gent",3.743091769,51.0341659203,"51.0341659203, 3.743091769"
2023-04-23T19:53:28+02:00,Park of groenzone,Behandeling - In behandeling,1,Meldingsapp (sluikstortmeldingen),"{""Locatie beschrijving"": ""rechttegenover Zandstraat 51, 9000 Gent (tegen het wandelpad in het bos)"", ""Dichtstbijzijnde adres"": ""Zandstraat 53, 9032 Gent"", ""Longitude"": 3.7103096651, ""Latitude"": 51.0773690147}",MLD2319951,Zakken,"Zandstraat 53, 9032 Gent",3.7103096651,51.0773690147,"51.0773690147, 3.7103096651"
2023-04-23T19:56:08+02:00,Openbare weg,Afgerond - Uitgevoerd,1,Meldingsapp (sluikstortmeldingen),"{""Dichtstbijzijnde adres"": ""Bevrijdingslaan 109, 9000 Gent"", ""Longitude"": 3.6994442243, ""Latitude"": 51.0620383409}",MLD2319952,Zakken,"Bevrijdingslaan 109, 9000 Gent",3.6994442243,51.0620383409,"51.0620383409, 3.6994442243"
2023-04-23T20:22:03+02:00,Openbare weg,Afgerond - Uitgevoerd,1,Meldingsapp (sluikstortmeldingen),"{""Locatie beschrijving"": ""Hoek Zonder-Naamstraat met de Keizer Leopoldstraat ter hoogte van Zonder-Naamstraat 14"", ""Dichtstbijzijnde adres"": ""Zonder-Naamstraat 12, 9000 Gent"", ""Longitude"": 3.735230478, ""Latitude"": 51.0572376177}",MLD2319956,Elektrische toestellen;Meubilair;Papier en karton;Zakken,"Zonder-Naamstraat 12, 9000 Gent",3.735230478,51.0572376177,"51.0572376177, 3.735230478"
2023-04-23T23:27:14+02:00,Park of groenzone,Afgerond - Uitgevoerd,1,Meldingsapp (sluikstortmeldingen),"{""Locatie beschrijving"": ""Naast huisnummer 19 in de parking. "", ""Dichtstbijzijnde adres"": ""Reinaertstraat 19, 9000 Gent"", ""Longitude"": 3.70230916, ""Latitude"": 51.0596776671}",MLD2319959,Meubilair;Zakken,"Reinaertstraat 19, 9000 Gent",3.70230916,51.0596776671,"51.0596776671, 3.70230916"
2023-04-24T07:11:35+02:00,Openbare weg,Afgerond - Uitgevoerd,0,Webformulier (sluikstortmeldingen),"{""Locatie beschrijving"": ""Ingegeven huisnummer: 51-53\r\n\r\n"", ""Dichtstbijzijnde adres"": ""Landbouwersstraat 51, 9000 Gent"", ""Longitude"": 3.7326703057, ""Latitude"": 51.0752145454}",MLD2319961,Zakken,"Landbouwersstraat 51, 9000 Gent",3.7326703057,51.0752145454,"51.0752145454, 3.7326703057"
2023-04-24T07:47:33+02:00,Openbare weg,Afgerond - Uitgevoerd,1,Meldingsapp (sluikstortmeldingen),"{""Locatie beschrijving"": ""aan ondergrondse sorteerpunt Hollainhof "", ""Dichtstbijzijnde adres"": ""Alphonse de Hollainhof 30, 9000 Gent"", ""Longitude"": 3.7371779635, ""Latitude"": 51.0443425722}",MLD2319963,Andere;Zakken,"Alphonse de Hollainhof 30, 9000 Gent",3.7371779635,51.0443425722,"51.0443425722, 3.7371779635"
2023-04-24T08:14:03+02:00,Openbare weg,Afgerond - Uitgevoerd,1,Meldingsapp (sluikstortmeldingen),"{""Locatie beschrijving"": ""aan ondergrondse sorteerpunt centrumplein "", ""Dichtstbijzijnde adres"": ""Friedrich Froebelstraat 11, 9050 Gent"", ""Longitude"": 3.740745213, ""Latitude"": 51.0358632417}",MLD2319966,Zakken,"Friedrich Froebelstraat 11, 9050 Gent",3.740745213,51.0358632417,"51.0358632417, 3.740745213"
2023-04-24T08:15:35+02:00,Openbare weg,Afgerond - Uitgevoerd,1,Meldingsapp (sluikstortmeldingen),"{""Locatie beschrijving"": ""verlichtingsarmatuur"", ""Dichtstbijzijnde adres"": ""Lange Steenstraat 67, 9000 Gent"", ""Longitude"": 3.7221135493, ""Latitude"": 51.0593086893}",MLD2319967,Elektrische toestellen,"Lange Steenstraat 67, 9000 Gent",3.7221135493,51.0593086893,"51.0593086893, 3.7221135493"
2023-04-24T08:52:19+02:00,Openbare weg,Afgerond - Uitgevoerd,1,Meldingsapp (sluikstortmeldingen),"{""Locatie beschrijving"": ""manilastraat, bij sorteerpunt"", ""Dichtstbijzijnde adres"": ""Manilastraat 24, 9000 Gent"", ""Longitude"": 3.693821641, ""Latitude"": 51.0686903876}",MLD2319980,Zakken,"Manilastraat 24, 9000 Gent",3.693821641,51.0686903876,"51.0686903876, 3.693821641"
2023-04-24T08:59:32+02:00,Openbare weg,Afgerond - Uitgevoerd,1,Webformulier (sluikstortmeldingen),"{""Locatie beschrijving"": ""Parkeerstrook voor nr 46"", ""Dichtstbijzijnde adres"": ""Francisco Ferrerlaan 46, 9000 Gent"", ""Longitude"": 3.7010018395, ""Latitude"": 51.0681209047}",MLD2319982,Andere,"Francisco Ferrerlaan 46, 9000 Gent",3.7010018395,51.0681209047,"51.0681209047, 3.7010018395"
2023-04-24T09:01:43+02:00,Openbare weg,Afgerond - Uitgevoerd,0,DROSO,"{""Locatie beschrijving"": ""Hoek Smaragdstraat en edelsteenstraat"", ""Dichtstbijzijnde adres"": ""Smaragdstraat 6, 9000 Gent"", ""Longitude"": 3.7118232106, ""Latitude"": 51.0197743654}",MLD2319986,,"Smaragdstraat 6, 9000 Gent",3.7118232106,51.0197743654,"51.0197743654, 3.7118232106"
2023-04-24T09:59:57+02:00,Openbare weg,Afgerond - Uitgevoerd,1,Meldingsapp (sluikstortmeldingen),"{""Locatie beschrijving"": ""weeral rond afvalkorf"", ""Dichtstbijzijnde adres"": ""Edmond Blockstraat 6, 9050 Gent"", ""Longitude"": 3.7557742369, ""Latitude"": 51.0453389883}",MLD2320002,Zakken,"Edmond Blockstraat 6, 9050 Gent",3.7557742369,51.0453389883,"51.0453389883, 3.7557742369"
2023-04-24T10:01:30+02:00,Openbare weg,Afgerond - Stopgezet,0,DROSO,"{""Locatie beschrijving"": ""Aan hoek met filaturestraat"", ""Dichtstbijzijnde adres"": ""Filaturestraat 43, 9000 Gent"", ""Longitude"": 3.7092004276, ""Latitude"": 51.067138568}",MLD2320005,,"Filaturestraat 43, 9000 Gent",3.7092004276,51.067138568,"51.067138568, 3.7092004276"
2023-04-24T10:02:16+02:00,Openbare weg,Afgerond - Uitgevoerd,0,DROSO,"{""Locatie beschrijving"": ""Ter hoogte van halte 201231(Minneplein) van DeLijn"", ""Dichtstbijzijnde adres"": ""Jan Delvinlaan 9, 9000 Gent"", ""Longitude"": 3.7471613433, ""Latitude"": 51.0477750304}",MLD2320007,,"Jan Delvinlaan 9, 9000 Gent",3.7471613433,51.0477750304,"51.0477750304, 3.7471613433"
2023-04-24T10:44:32+02:00,Openbare weg,Afgerond - Uitgevoerd,1,Meldingsapp (sluikstortmeldingen),"{""Locatie beschrijving"": ""Ingegeven huisnummer: oc\r\naan beide ondergrondse sorteerpunten dobbelslot \r\n"", ""Dichtstbijzijnde adres"": ""Dobbelslot, Gent"", ""Longitude"": 3.7215727758, ""Latitude"": 51.060930352}",MLD2320013,Andere;Papier en karton;Zakken,"Dobbelslot, Gent",3.7215727758,51.060930352,"51.060930352, 3.7215727758"
2023-04-24T10:47:17+02:00,Openbare weg,Afgerond - Uitgevoerd,1,Meldingsapp (sluikstortmeldingen),"{""Dichtstbijzijnde adres"": ""Langestraat 114, 9050 Gent"", ""Longitude"": 3.7433335, ""Latitude"": 51.035312}",MLD2320015,Zakken,"Langestraat 114, 9050 Gent",3.7433335,51.035312,"51.035312, 3.7433335"
2023-04-24T12:48:05+02:00,Openbare weg,Afgerond - Uitgevoerd,1,Meldingsapp (sluikstortmeldingen),"{""Locatie beschrijving"": ""aan ondergrondse sorteerpunt Borluut "", ""Dichtstbijzijnde adres"": ""Nekkersberglaan 188, 9000 Gent"", ""Longitude"": 3.6976296427, ""Latitude"": 51.0454394623}",MLD2320044,Zakken,"Nekkersberglaan 188, 9000 Gent",3.6976296427,51.0454394623,"51.0454394623, 3.6976296427"
2023-04-24T13:44:01+02:00,Openbare weg,Behandeling - In behandeling,0,Meldingsapp (sluikstortmeldingen),"{""Locatie beschrijving"": ""clematisstraat  bij zebrapad, kruising ferrerlaan"", ""Dichtstbijzijnde adres"": ""Francisco Ferrerlaan 122, 9000 Gent"", ""Longitude"": 3.7035021887, ""Latitude"": 51.0701787347}",MLD2320052,Zakken,"Francisco Ferrerlaan 122, 9000 Gent",3.7035021887,51.0701787347,"51.0701787347, 3.7035021887"
2023-04-24T13:45:18+02:00,Openbare weg,Afgerond - Onontvankelijk,0,Meldingsapp (sluikstortmeldingen),"{""Dichtstbijzijnde adres"": ""Proeftuinstraat 43, 9000 Gent"", ""Longitude"": 3.7419899, ""Latitude"": 51.0200263}",MLD2320053,Zakken,"Proeftuinstraat 43, 9000 Gent",3.7419899,51.0200263,"51.0200263, 3.7419899"
2023-04-24T14:55:31+02:00,Openbare weg,Afgerond - Uitgevoerd,1,Webformulier (sluikstortmeldingen),"{""Locatie beschrijving"": ""huiseigenaar van nummer 87."", ""Dichtstbijzijnde adres"": ""Engelstraat 87, 9040 Gent"", ""Longitude"": 3.7508537755, ""Latitude"": 51.0546151624}",MLD2320071,Andere,"Engelstraat 87, 9040 Gent",3.7508537755,51.0546151624,"51.0546151624, 3.7508537755"
2023-04-24T14:56:41+02:00,Openbare weg,Afgerond - Uitgevoerd,0,Meldingsapp (sluikstortmeldingen),"{""Dichtstbijzijnde adres"": ""notelaarstraat 101 "", ""Longitude"": 3.7018282339, ""Latitude"": 51.0629584615}",MLD2320072,Zakken,notelaarstraat 101,3.7018282339,51.0629584615,"51.0629584615, 3.7018282339"
2023-04-24T15:00:57+02:00,Openbare weg,Afgerond - Uitgevoerd,0,DROSO,"{""Locatie beschrijving"": ""Onder het keizerviaduct."", ""Dichtstbijzijnde adres"": ""Visserij 234, 9000 Gent"", ""Longitude"": 3.7401646824, ""Latitude"": 51.0429177081}",MLD2320074,,"Visserij 234, 9000 Gent",3.7401646824,51.0429177081,"51.0429177081, 3.7401646824"
